-- phpMyAdmin SQL Dump
-- version 5.2.0
-- https://www.phpmyadmin.net/
--
-- Anamakine: 127.0.0.1
-- Üretim Zamanı: 04 Oca 2023, 03:19:06
-- Sunucu sürümü: 10.4.24-MariaDB
-- PHP Sürümü: 8.1.4

SET SQL_MODE = "NO_AUTO_VALUE_ON_ZERO";
START TRANSACTION;
SET time_zone = "+00:00";


/*!40101 SET @OLD_CHARACTER_SET_CLIENT=@@CHARACTER_SET_CLIENT */;
/*!40101 SET @OLD_CHARACTER_SET_RESULTS=@@CHARACTER_SET_RESULTS */;
/*!40101 SET @OLD_COLLATION_CONNECTION=@@COLLATION_CONNECTION */;
/*!40101 SET NAMES utf8mb4 */;

--
-- Veritabanı: `toptanmanav`
--

-- --------------------------------------------------------

--
-- Tablo için tablo yapısı `ayar`
--

CREATE TABLE `ayar` (
  `ayar_id` int(11) NOT NULL,
  `ayar_logo` varchar(255) COLLATE utf8_turkish_ci NOT NULL,
  `ayar_url` varchar(50) COLLATE utf8_turkish_ci NOT NULL,
  `ayar_title` varchar(255) COLLATE utf8_turkish_ci NOT NULL,
  `ayar_description` varchar(255) COLLATE utf8_turkish_ci NOT NULL,
  `ayar_keywords` varchar(50) COLLATE utf8_turkish_ci NOT NULL,
  `ayar_author` varchar(50) COLLATE utf8_turkish_ci NOT NULL,
  `ayar_tel` varchar(50) COLLATE utf8_turkish_ci NOT NULL,
  `ayar_gsm` varchar(50) COLLATE utf8_turkish_ci NOT NULL,
  `ayar_faks` varchar(50) COLLATE utf8_turkish_ci NOT NULL,
  `ayar_mail` varchar(50) COLLATE utf8_turkish_ci NOT NULL,
  `ayar_ilce` varchar(50) COLLATE utf8_turkish_ci NOT NULL,
  `ayar_il` varchar(50) COLLATE utf8_turkish_ci NOT NULL,
  `ayar_adres` varchar(250) COLLATE utf8_turkish_ci NOT NULL,
  `ayar_mesai` varchar(250) COLLATE utf8_turkish_ci NOT NULL,
  `ayar_maps` varchar(250) COLLATE utf8_turkish_ci NOT NULL,
  `ayar_analystic` varchar(50) COLLATE utf8_turkish_ci NOT NULL,
  `ayar_zopim` varchar(250) COLLATE utf8_turkish_ci NOT NULL,
  `ayar_facebook` varchar(50) COLLATE utf8_turkish_ci NOT NULL,
  `ayar_twitter` varchar(50) COLLATE utf8_turkish_ci NOT NULL,
  `ayar_google` varchar(50) COLLATE utf8_turkish_ci NOT NULL,
  `ayar_youtube` varchar(50) COLLATE utf8_turkish_ci NOT NULL,
  `ayar_smtphost` varchar(50) COLLATE utf8_turkish_ci NOT NULL,
  `ayar_smtppasword` varchar(50) COLLATE utf8_turkish_ci NOT NULL,
  `ayar_smtpport` varchar(50) COLLATE utf8_turkish_ci NOT NULL,
  `ayar_bakim` enum('0','1') COLLATE utf8_turkish_ci NOT NULL DEFAULT '1'
) ENGINE=InnoDB DEFAULT CHARSET=utf8 COLLATE=utf8_turkish_ci;

--
-- Tablo döküm verisi `ayar`
--

INSERT INTO `ayar` (`ayar_id`, `ayar_logo`, `ayar_url`, `ayar_title`, `ayar_description`, `ayar_keywords`, `ayar_author`, `ayar_tel`, `ayar_gsm`, `ayar_faks`, `ayar_mail`, `ayar_ilce`, `ayar_il`, `ayar_adres`, `ayar_mesai`, `ayar_maps`, `ayar_analystic`, `ayar_zopim`, `ayar_facebook`, `ayar_twitter`, `ayar_google`, `ayar_youtube`, `ayar_smtphost`, `ayar_smtppasword`, `ayar_smtpport`, `ayar_bakim`) VALUES
(0, 'dimg/26497resim-yok.jpg', '', 'Toptan Manav E-Ticaret', 'Toptan Manav Hal\'in yeni yüzü.', 'manav, meyve, sebze, eticaret, hal', 'Kamil MERT Balıkesir <3', '0544 202 60 89', '0274 216 24 48', '0274 26 24 49', 'info@toptanmanav.com', 'Merkez', 'Kütahya', 'Kütahya Dumlupınar Üniversitesi', '7/24 Açık Manavınız', '11111', '11111', '00000', 'www.facebook.com', 'www.twitter.com', 'www.google.com.tr', 'www.youtube.com', 'mail.alanadiniz.com', 'Parola', '587', '1');

-- --------------------------------------------------------

--
-- Tablo için tablo yapısı `banka`
--

CREATE TABLE `banka` (
  `banka_id` int(11) NOT NULL,
  `banka_ad` varchar(255) COLLATE utf8_turkish_ci NOT NULL,
  `banka_iban` varchar(255) COLLATE utf8_turkish_ci NOT NULL,
  `banka_hesapadsoyad` varchar(255) COLLATE utf8_turkish_ci NOT NULL,
  `banka_durum` enum('0','1') COLLATE utf8_turkish_ci NOT NULL DEFAULT '1'
) ENGINE=InnoDB DEFAULT CHARSET=utf8 COLLATE=utf8_turkish_ci;

--
-- Tablo döküm verisi `banka`
--

INSERT INTO `banka` (`banka_id`, `banka_ad`, `banka_iban`, `banka_hesapadsoyad`, `banka_durum`) VALUES
(1, 'Ziraat Bankası', 'TR10 1010 1010 1010 1010 1010 10', 'Balıkesir Belediyesi', '1');

-- --------------------------------------------------------

--
-- Tablo için tablo yapısı `hakkimizda`
--

CREATE TABLE `hakkimizda` (
  `hakkimizda_id` int(11) NOT NULL,
  `hakkimizda_baslik` varchar(250) COLLATE utf8_turkish_ci NOT NULL,
  `hakkimizda_icerik` longtext COLLATE utf8_turkish_ci NOT NULL,
  `hakkimizda_video` varchar(50) COLLATE utf8_turkish_ci NOT NULL,
  `hakkimizda_vizyon` varchar(500) COLLATE utf8_turkish_ci NOT NULL,
  `hakkimizda_misyon` varchar(500) COLLATE utf8_turkish_ci NOT NULL
) ENGINE=InnoDB DEFAULT CHARSET=utf8 COLLATE=utf8_turkish_ci;

--
-- Tablo döküm verisi `hakkimizda`
--

INSERT INTO `hakkimizda` (`hakkimizda_id`, `hakkimizda_baslik`, `hakkimizda_icerik`, `hakkimizda_video`, `hakkimizda_vizyon`, `hakkimizda_misyon`) VALUES
(0, 'Toptan Manav Nedir?', '<p><img alt=\"\" src=\"https://www.toptanmanav.com/images/toptanmanav-fb-logo.jpg\" style=\"height:262px; width:500px\" /></p>\r\n\r\n<p>&nbsp;</p>\r\n\r\n<p><strong>500&#39;lerden beri kullanılan standart Lorem Ipsum pasajı</strong></p>\r\n\r\n<p>&quot;Lorem ipsum dolor sit amet, consectetur adipiscing elit, sed do eiusmod tempor incididunt ut labore et dolore magna aliqua. Ut enim ad minim veniam, quis nostrud exercitation ullamco laboris nisi ut aliquip ex ea commodo consequat. Duis aute irure dolor in reprehenderit in voluptate velit esse cillum dolore eu fugiat nulla pariatur. Excepteur sint occaecat cupidatat non proident, sunt in culpa qui officia deserunt mollit anim id est laborum.&quot;</p>\r\n\r\n<p><strong>M.&Ouml;. 45 tarihinde &Ccedil;i&ccedil;ero tarafından yazılan &quot;de Finibus Bonorum et Malorum&quot;un 1.10.32 sayılı b&ouml;l&uuml;m&uuml;</strong></p>\r\n\r\n<p>&quot;Sed ut perspiciatis unde omnis iste natus error sit voluptatem accusantium doloremque laudantium, totam rem aperiam, eaque ipsa quae ab illo inventore veritatis et quasi architecto beatae vitae dicta sunt explicabo. Nemo enim ipsam voluptatem quia voluptas sit aspernatur aut odit aut fugit, sed quia consequuntur magni dolores eos qui ratione voluptatem sequi nesciunt. Neque porro quisquam est, qui dolorem ipsum quia dolor sit amet, consectetur, adipisci velit, sed quia non numquam eius modi tempora incidunt ut labore et dolore magnam aliquam quaerat voluptatem. Ut enim ad minima veniam, quis nostrum exercitationem ullam corporis suscipit laboriosam, nisi ut aliquid ex ea commodi consequatur? Quis autem vel eum iure reprehenderit qui in ea voluptate velit esse quam nihil molestiae consequatur, vel illum qui dolorem eum fugiat quo voluptas nulla pariatur?&quot;</p>\r\n\r\n<p>1914 tarihli H. Rackham &Ccedil;evirisi</p>\r\n\r\n<p>&quot;But I must explain to you how all this mistaken idea of denouncing pleasure and praising pain was born and I will give you a complete account of the system, and expound the actual teachings of the great explorer of the truth, the master-builder of human happiness. No one rejects, dislikes, or avoids pleasure itself, because it is pleasure, but because those who do not know how to pursue pleasure rationally encounter consequences that are extremely painful. Nor again is there anyone who loves or pursues or desires to obtain pain of itself, because it is pain, but because occasionally circumstances occur in which toil and pain can procure him some great pleasure. To take a trivial example, which of us ever undertakes laborious physical exercise, except to obtain some advantage from it? But who has any right to find fault with a man who chooses to enjoy a pleasure that has no annoying consequences, or one who avoids a pain that produces no resultant pleasure?&quot;</p>\r\n\r\n<p>M.&Ouml;. 45 tarihinde &Ccedil;i&ccedil;ero tarafından yazılan &quot;de Finibus Bonorum et Malorum&quot;un 1.10.33 sayılı b&ouml;l&uuml;m&uuml;</p>\r\n\r\n<p>&quot;At vero eos et accusamus et iusto odio dignissimos ducimus qui blanditiis praesentium voluptatum deleniti atque corrupti quos dolores et quas molestias excepturi sint occaecati cupiditate non provident, similique sunt in culpa qui officia deserunt mollitia animi, id est laborum et dolorum fuga. Et harum quidem rerum facilis est et expedita distinctio. Nam libero tempore, cum soluta nobis est eligendi optio cumque nihil impedit quo minus id quod maxime placeat facere possimus, omnis voluptas assumenda est, omnis dolor repellendus. Temporibus autem quibusdam et aut officiis debitis aut rerum necessitatibus saepe eveniet ut et voluptates repudiandae sint et molestiae non recusandae. Itaque earum rerum hic tenetur a sapiente delectus, ut aut reiciendis voluptatibus maiores alias consequatur aut perferendis doloribus asperiores repellat.&quot;</p>\r\n', 'PhFQOhVe8Z4', 'Lorem Ipsum, dizgi ve baskı endüstrisinde kullanılan mıgır metinlerdir. Lorem Ipsum, adı bilinmeyen bir matbaacının bir hurufat numune kitabı oluşturmak üzere bir yazı galerisini alarak karıştırdığı 1500\'lerden beri endüstri standardı sahte metinler olarak kullanılmıştır. ', 'Lorem Ipsum, dizgi ve baskı endüstrisinde kullanılan mıgır metinlerdir. Lorem Ipsum, adı bilinmeyen bir matbaacının bir hurufat numune kitabı oluşturmak üzere bir yazı galerisini alarak karıştırdığı 1500\'lerden beri endüstri standardı sahte metinler olarak kullanılmıştır. ');

-- --------------------------------------------------------

--
-- Tablo için tablo yapısı `kategori`
--

CREATE TABLE `kategori` (
  `kategori_id` int(11) NOT NULL,
  `kategori_ad` varchar(100) COLLATE utf8_turkish_ci NOT NULL,
  `kategori_ust` int(2) NOT NULL,
  `kategori_seourl` varchar(255) COLLATE utf8_turkish_ci NOT NULL,
  `kategori_sira` int(11) NOT NULL,
  `kategori_durum` enum('0','1') COLLATE utf8_turkish_ci NOT NULL DEFAULT '1'
) ENGINE=InnoDB DEFAULT CHARSET=utf8 COLLATE=utf8_turkish_ci;

--
-- Tablo döküm verisi `kategori`
--

INSERT INTO `kategori` (`kategori_id`, `kategori_ad`, `kategori_ust`, `kategori_seourl`, `kategori_sira`, `kategori_durum`) VALUES
(1, 'Sebzeler', 0, 'sebzeler', 0, '1'),
(2, 'Meyveler', 0, 'meyveler', 1, '1'),
(3, 'Test', 0, 'test', 3, '1');

-- --------------------------------------------------------

--
-- Tablo için tablo yapısı `kullanici`
--

CREATE TABLE `kullanici` (
  `kullanici_id` int(11) NOT NULL,
  `kullanici_zaman` datetime NOT NULL DEFAULT current_timestamp(),
  `kullanici_resim` varchar(250) COLLATE utf8_turkish_ci NOT NULL,
  `kullanici_tc` varchar(50) COLLATE utf8_turkish_ci NOT NULL,
  `kullanici_ad` varchar(50) COLLATE utf8_turkish_ci NOT NULL,
  `kullanici_mail` varchar(100) COLLATE utf8_turkish_ci NOT NULL,
  `kullanici_gsm` varchar(50) COLLATE utf8_turkish_ci NOT NULL,
  `kullanici_password` varchar(255) COLLATE utf8_turkish_ci NOT NULL,
  `kullanici_adsoyad` varchar(50) COLLATE utf8_turkish_ci NOT NULL,
  `kullanici_adres` varchar(250) COLLATE utf8_turkish_ci NOT NULL,
  `kullanici_il` varchar(100) COLLATE utf8_turkish_ci NOT NULL,
  `kullanici_ilce` varchar(100) COLLATE utf8_turkish_ci NOT NULL,
  `kullanici_unvan` varchar(100) COLLATE utf8_turkish_ci NOT NULL,
  `kullanici_yetki` varchar(50) COLLATE utf8_turkish_ci NOT NULL,
  `kullanici_durum` int(1) NOT NULL DEFAULT 1
) ENGINE=InnoDB DEFAULT CHARSET=utf8 COLLATE=utf8_turkish_ci;

--
-- Tablo döküm verisi `kullanici`
--

INSERT INTO `kullanici` (`kullanici_id`, `kullanici_zaman`, `kullanici_resim`, `kullanici_tc`, `kullanici_ad`, `kullanici_mail`, `kullanici_gsm`, `kullanici_password`, `kullanici_adsoyad`, `kullanici_adres`, `kullanici_il`, `kullanici_ilce`, `kullanici_unvan`, `kullanici_yetki`, `kullanici_durum`) VALUES
(1, '2022-12-21 23:36:06', '.', '11111111111', '', 'test@test.com', '0544 202 60 89', '7c4a8d09ca3762af61e59520943dc26494f8941b', 'Kamil MERT', '', 'Balıkesir', 'Bandırma', '', '5', 1),
(4, '2022-12-31 01:41:13', '', '', '', 'mail@muratsari.com.tr', '', 'a94a8fe5ccb19ba61c4c0873d391e987982fbbd3', 'Murat Sarı &lt;3', '', 'Balıkesir', 'Bandırma', '', '1', 1);

-- --------------------------------------------------------

--
-- Tablo için tablo yapısı `menu`
--

CREATE TABLE `menu` (
  `menu_id` int(11) NOT NULL,
  `menu_ust` varchar(50) COLLATE utf8_turkish_ci NOT NULL,
  `menu_ad` varchar(100) COLLATE utf8_turkish_ci NOT NULL,
  `menu_detay` text COLLATE utf8_turkish_ci NOT NULL,
  `menu_url` varchar(250) COLLATE utf8_turkish_ci NOT NULL,
  `menu_sira` int(2) NOT NULL,
  `menu_durum` enum('0','1') COLLATE utf8_turkish_ci NOT NULL,
  `menu_seourl` varchar(250) COLLATE utf8_turkish_ci NOT NULL
) ENGINE=InnoDB DEFAULT CHARSET=utf8 COLLATE=utf8_turkish_ci;

--
-- Tablo döküm verisi `menu`
--

INSERT INTO `menu` (`menu_id`, `menu_ust`, `menu_ad`, `menu_detay`, `menu_url`, `menu_sira`, `menu_durum`, `menu_seourl`) VALUES
(12, '', 'Hakkımızda', '', 'hakkimizda.php', 1, '1', 'hakkimizda'),
(13, '', 'İletişim', '', '', 2, '1', 'iletisim'),
(14, '', 'Kategoriler', '', 'kategoriler', 3, '1', 'kategoriler'),
(15, '', 'Gizlilik Koşularımız', '<p>MediaCat Gizlilik Politikası</p>\r\n\r\n<p>İşbu Gizlilik Politikası&rsquo;nda kullanılan &ldquo;Kişisel Bilgiler&rdquo; terimi sizi tanımlayabilecek isminiz, doğum tarihiniz, e-posta adresiniz veya posta adresiniz dahil fakat bunlarla sınırlı olmamak kaydıyla kredi kartı bilgileriniz, kimlik bilgileriniz gibi bilgileri ifade etmektedir.</p>\r\n\r\n<p>MediaCat olarak, t&uuml;m okurlarımızın gizliliğine değer vermekte olup, bizimle paylaşılan kişisel bilgilerin gizliliği ve bilgilerin g&uuml;venliğini ile ilgili okurlarımızın kaygılarını saygıyla karşılamaktayız. Gizlilik Politikası gizliliğinizi korumak ve bilgi temininde g&uuml;venli bir deneyim sunmak i&ccedil;in tasarlamış olup, okurların onayı olmadan kişisel bilgilerini kullanmamayı ve Kişisel Bilgilerin kullanılmasında, &nbsp;uluslararası alanda kabul edilen mahremiyet koruma standartlarına uymayı taahh&uuml;t etmektedir.</p>\r\n\r\n<p>MediaCat olarak, platformu kullanmadan veya Kişisel Bilgilerinizi bize iletmeden &ouml;nce mevcut Gizlilik Politikası&rsquo;nı okumanızı rica ediyoruz. MediaCat, Gizlilik Politikası&rsquo;nı bildirimde bulunmaksızın zaman zaman değiştirebilir veyahut da eklemelerde bulunabilir. Bu durumda Gizlilik Politikası&rsquo;nın s&ouml;z konusu değişiklikleri yansıtan g&uuml;ncellenmiş halini y&uuml;kleyecektir. İşbu sebeple g&uuml;ncellenen Gizlilik Politikası hakkında okurların bilgi sahibi olduklarını periyodik olarak g&ouml;zden ge&ccedil;irmesini &ouml;neririz.</p>\r\n\r\n<p>MediaCat, okurlarının izniyle Kişisel Bilgileri aşağıdaki ama&ccedil;lar i&ccedil;in kullanacaktır, hi&ccedil;bir durumda &ouml;ng&ouml;r&uuml;len amacın dışında kullanmayacaktır.</p>\r\n\r\n<p>Elektronik yayınlar g&ouml;ndermek</p>\r\n\r\n<p>Elektronik posta ile b&uuml;lten g&ouml;ndermek ya da bildirimler de bulunmak</p>\r\n\r\n<p>Satın alınan &uuml;r&uuml;nleri teslim etmek</p>\r\n\r\n<p>Sorularınızı cevaplamak ve etkin bir m&uuml;şteri hizmeti sunmak</p>\r\n\r\n<p>Bu ama&ccedil; i&ccedil;in elde edilen bilgiler, tamamen sizin &ouml;zg&uuml;r iradenizle tarafımıza sağlanmaktadır. Bu Kişisel Bilgileri bize verip vermemekte okurlar serbesttir. Ancak, okurlarımıza daha &ccedil;abuk ve kaliteli hizmet sunabilmemiz i&ccedil;in, işbu platformda okurlardan talep edilen bilgilerin tamamını vermelerini &ouml;nermekteyiz. Ayrıca, talep edilen hizmetin gerektirdiği zorunlu bilgilerin verilmemesi durumunda talebin yerine getirilmesinin m&uuml;mk&uuml;n olamayacağını dikkatlerinize sunarız. Okurlar tarafından verilen bilgilerin doğru ve eksiksiz olması okurların sorumluluğundadır. Yanlış, yanıltıcı veya eksik bilgi verilmemesi rica olunur. B&ouml;yle bir durumda MediaCat hi&ccedil;bir sorumluluk kabul etmeyecektir. Yanlış, yanıltıcı veya eksik bilgi verilmesi nedeniyle MediaCat&rsquo;in bir zarara uğraması halinde bu zararı tazmin y&uuml;k&uuml;ml&uuml;l&uuml;ğ&uuml; okura aittir.</p>\r\n\r\n<p>Kişisel Bilgilere ek olarak platform okurlar tarafından ziyaret edildiğinde okurlar hakkında başkaca bilgiler de toplanabilir, derlenebilir. Otomatik olarak derlenen teşhis edebilirlik niteliğine sahip olmayan bu bilgiler, cookies adı verilen &ccedil;eşitli teknolojiler ile derlenmektedir. Cookies, web sitesinden bilgisayarların sabit diskine aktarılan k&uuml;&ccedil;&uuml;k &ccedil;aplı metin dosyalarıdır. Bu bilgileri sitemizi, ilgilendiğiniz ve ihtiya&ccedil; duyduğunuz &uuml;r&uuml;nlerimizi değiştirebilmek i&ccedil;in toplamaktayız. Tercihen &ldquo;cookies&rdquo; reddetmek veya &ldquo;cookie&rdquo; g&ouml;nderildiğinde ikaz edilmek a&ccedil;ısından okurlar kendi web gezginlerini ayarlayabilirler.</p>\r\n\r\n<p>Girilen sitede &ldquo;cookie&rdquo;leri reddetmek, sitenin bazı alanlarını gezmeyi veya site ziyaret edildiğinde kişiselleştirilmiş bilgilerin alınmasını engelleyebilir.</p>\r\n\r\n<p>MediaCat toplanan, işlenen ve aktarılan t&uuml;m Kişisel Bilgileri korumak i&ccedil;in gerekli teknolojik ve kurumsal &ouml;nlemleri alır ve bu &ouml;nlemler teknolojik gelişmeye g&ouml;re s&uuml;rekli g&uuml;ncellenir ve uyarlanır. İnternet &uuml;zerinden iletilen Kişisel Bilgiler&rsquo;in gizliliği konusunda mutlak bir garanti verilmesinin s&ouml;z konusu olmadığını hatırlatır, okurlarımıza internet &uuml;zerinde Kişisel Bilgiler&rsquo;ini iletilirken m&uuml;mk&uuml;n olan en &uuml;st d&uuml;zey tedbirleri almalarını tavsiye ediyoruz.</p>\r\n\r\n<p>Temin edilen Kişiler Bilgiler servisin hizmet amacına y&ouml;nelik olup, ilke olarak, &uuml;&ccedil;&uuml;nc&uuml; kişilere satılmaz, kiralanmaz ya da başka şekilde kullandırılmaz ve okurlar bizzat aksini talep etmediği s&uuml;rece &uuml;&ccedil;&uuml;nc&uuml; kişilerle hi&ccedil;bir suretle paylaşılmaz. Şu kadar ki, MediaCat y&uuml;r&uuml;rl&uuml;kteki mevzuat uyarınca yetkili, idari ve resmi makamlardan usul&uuml;ne uygun olarak talep gelmesi halinde okurların kendisinde bulunan bilgilerini ilgili yetkili makamlarla paylaşacaktır.</p>\r\n\r\n<p>MediaCat vereceğiniz destek ile Kişisel Bilgilerinizi daima g&uuml;ncel ve doğru şekilde tutacaktır. Ancak Kişisel Bilgilerinizin silinmesi, değiştirilmesi veyahut da g&uuml;ncellenmesinin gerektirdiği hallerde bizimle irtibata ge&ccedil;menizi ve isteklerinizi iletmenizi rica ederiz.</p>\r\n\r\n<p>MediaCat</p>\r\n\r\n<p>Kapital Medya Akmerkez E Blok Kat: 6 Etiler/İSTANBUL Telefon: 0212 282 26 40</p>\r\n', '', 4, '1', 'gizlilik-kosularimiz'),
(20, '', 'Mesafeli Satış Sözlesmezi', '<p>MESAFELİ S&Ouml;ZLEŞMELER Y&Ouml;NETMELİĞİ</p>\r\n\r\n<p>BİRİNCİ B&Ouml;L&Uuml;M</p>\r\n\r\n<p>Ama&ccedil;, Kapsam, Dayanak ve Tanımlar</p>\r\n\r\n<p>Ama&ccedil;</p>\r\n\r\n<p>MADDE 1 &ndash;&nbsp;(1) Bu Y&ouml;netmeliğin amacı, mesafeli s&ouml;zleşmelere ilişkin uygulama usul ve esaslarını d&uuml;zenlemektir.</p>\r\n\r\n<p>Kapsam</p>\r\n\r\n<p>MADDE 2 &ndash;&nbsp;(1) Bu Y&ouml;netmelik, mesafeli s&ouml;zleşmelere uygulanır.</p>\r\n\r\n<p>(2) Bu Y&ouml;netmelik h&uuml;k&uuml;mleri;</p>\r\n\r\n<p>a) Finansal hizmetler,</p>\r\n\r\n<p>b) Otomatik makineler aracılığıyla yapılan satışlar,</p>\r\n\r\n<p>c) Halka a&ccedil;ık telefon vasıtasıyla telekom&uuml;nikasyon operat&ouml;rleriyle bu telefonun kullanımı,</p>\r\n\r\n<p>&ccedil;) Bahis, &ccedil;ekiliş, piyango ve benzeri şans oyunlarına ilişkin hizmetler,</p>\r\n\r\n<p>d) Taşınmaz malların veya bu mallara ilişkin hakların oluşumu, devri veya kazanımı,</p>\r\n\r\n<p>e) Konut kiralama,</p>\r\n\r\n<p>f) Paket turlar,</p>\r\n\r\n<p>g) Devre m&uuml;lk, devre tatil, uzun s&uuml;reli tatil hizmeti ve bunların yeniden satımı veya değişimi,</p>\r\n\r\n<p>ğ) Yiyecek ve i&ccedil;ecekler gibi g&uuml;nl&uuml;k t&uuml;ketim maddelerinin, satıcının d&uuml;zenli teslimatları &ccedil;er&ccedil;evesinde t&uuml;keticinin meskenine veya işyerine g&ouml;t&uuml;r&uuml;lmesi,</p>\r\n\r\n<p>h) 5 inci maddenin birinci fıkrasının (a), (b) ve (d) bentlerindeki bilgi verme y&uuml;k&uuml;ml&uuml;l&uuml;ğ&uuml; ile 18 inci ve 19 uncu maddelerde yer alan y&uuml;k&uuml;ml&uuml;l&uuml;kler saklı kalmak koşuluyla yolcu taşıma hizmetleri,</p>\r\n\r\n<p>ı) Malların montaj, bakım ve onarımı,</p>\r\n\r\n<p>i) Bakımevi hizmetleri, &ccedil;ocuk, yaşlı ya da hasta bakımı gibi ailelerin ve kişilerin desteklenmesine y&ouml;nelik sosyal hizmetler</p>\r\n\r\n<p>ile&nbsp;ilgili s&ouml;zleşmelere uygulanmaz.</p>\r\n\r\n<p>Dayanak</p>\r\n\r\n<p>MADDE 3 &ndash;&nbsp;(1) Bu Y&ouml;netmelik,&nbsp;7/11/2013&nbsp;tarihli ve 6502 sayılı T&uuml;keticinin Korunması Hakkında Kanunun 48 inci ve 84 &uuml;nc&uuml; maddelerine dayanılarak hazırlanmıştır.</p>\r\n\r\n<p>Tanımlar</p>\r\n\r\n<p>MADDE 4 &ndash;&nbsp;(1) Bu Y&ouml;netmeliğin uygulanmasında;</p>\r\n\r\n<p>a) Dijital i&ccedil;erik: Bilgisayar programı, uygulama, oyun, m&uuml;zik, video ve metin gibi dijital şekilde sunulan her t&uuml;rl&uuml; veriyi,</p>\r\n\r\n<p>b) Hizmet: Bir &uuml;cret veya menfaat karşılığında yapılan ya da yapılması taahh&uuml;t edilen mal sağlama dışındaki her t&uuml;rl&uuml; t&uuml;ketici işleminin konusunu,</p>\r\n\r\n<p>c) Kalıcı veri saklayıcısı: T&uuml;keticinin g&ouml;nderdiği veya kendisine g&ouml;nderilen bilgiyi, bu bilginin amacına uygun olarak makul bir s&uuml;re incelemesine elverecek şekilde kaydedilmesini ve değiştirilmeden kopyalanmasını sağlayan ve bu bilgiye aynen ulaşılmasına&nbsp;imkan&nbsp;veren kısa mesaj, elektronik posta, internet, disk, CD, DVD, hafıza kartı ve benzeri her t&uuml;rl&uuml; ara&ccedil; veya ortamı,</p>\r\n\r\n<p>&ccedil;) Kanun: 6502 sayılı T&uuml;keticinin Korunması Hakkında Kanunu,</p>\r\n\r\n<p>d) Mal: Alışverişe konu olan; taşınır eşya, konut veya tatil ama&ccedil;lı taşınmaz mallar ile elektronik ortamda kullanılmak &uuml;zere hazırlanan yazılım, ses, g&ouml;r&uuml;nt&uuml; ve benzeri her t&uuml;rl&uuml; gayri maddi malları,</p>\r\n\r\n<p>e) Mesafeli s&ouml;zleşme: Satıcı veya sağlayıcı ile t&uuml;keticinin eş zamanlı fiziksel varlığı olmaksızın, mal veya hizmetlerin uzaktan pazarlanmasına y&ouml;nelik olarak oluşturulmuş bir sistem &ccedil;er&ccedil;evesinde, taraflar arasında s&ouml;zleşmenin kurulduğu ana kadar ve kurulduğu an da&nbsp;dahil&nbsp;olmak &uuml;zere uzaktan iletişim ara&ccedil;larının kullanılması suretiyle kurulan s&ouml;zleşmeleri,</p>\r\n\r\n<p>f) Sağlayıcı: Kamu t&uuml;zel kişileri de&nbsp;dahil&nbsp;olmak &uuml;zere ticari veya mesleki ama&ccedil;larla t&uuml;keticiye hizmet sunan ya da hizmet sunanın adına ya da hesabına hareket eden ger&ccedil;ek veya t&uuml;zel kişiyi,</p>\r\n\r\n<p>g) Satıcı: Kamu t&uuml;zel kişileri de&nbsp;dahil&nbsp;olmak &uuml;zere ticari veya mesleki ama&ccedil;larla t&uuml;keticiye mal sunan ya da mal sunanın adına ya da hesabına hareket eden ger&ccedil;ek veya t&uuml;zel kişiyi,</p>\r\n\r\n<p>ğ) T&uuml;ketici: Ticari veya mesleki olmayan ama&ccedil;larla hareket eden ger&ccedil;ek veya t&uuml;zel kişiyi,</p>\r\n\r\n<p>h) Uzaktan iletişim aracı: Mektup, katalog, telefon, faks, radyo, televizyon, elektronik posta mesajı, kısa mesaj, internet gibi fiziksel olarak karşı karşıya gelinmeksizin s&ouml;zleşme kurulmasına&nbsp;imkan&nbsp;veren her t&uuml;rl&uuml; ara&ccedil; veya ortamı,</p>\r\n\r\n<p>ı) Yan s&ouml;zleşme: Bir mesafeli s&ouml;zleşme ile ilişkili olarak satıcı, sağlayıcı ya da &uuml;&ccedil;&uuml;nc&uuml; bir kişi tarafından s&ouml;zleşme konusu mal ya da hizmete ilave olarak t&uuml;keticiye sağlanan mal veya hizmete ilişkin s&ouml;zleşmeyi</p>\r\n\r\n<p>ifade&nbsp;eder.</p>\r\n\r\n<p>İKİNCİ B&Ouml;L&Uuml;M</p>\r\n\r\n<p>&Ouml;n Bilgilendirme Y&uuml;k&uuml;ml&uuml;l&uuml;ğ&uuml;</p>\r\n\r\n<p>&Ouml;n bilgilendirme</p>\r\n\r\n<p>MADDE 5 &ndash;&nbsp;(1) T&uuml;ketici, mesafeli s&ouml;zleşmenin kurulmasından ya da buna karşılık gelen herhangi bir teklifi kabul etmeden &ouml;nce, aşağıdaki hususların tamamını i&ccedil;erecek şekilde satıcı veya sağlayıcı tarafından bilgilendirilmek zorundadır.</p>\r\n\r\n<p>a) S&ouml;zleşme konusu mal veya hizmetin temel nitelikleri,</p>\r\n\r\n<p>b) Satıcı veya sağlayıcının adı veya unvanı, varsa MERSİS numarası,</p>\r\n\r\n<p>c) T&uuml;keticinin satıcı veya sağlayıcı ile hızlı bir şekilde irtibat kurmasına&nbsp;imkan&nbsp;veren, satıcı veya sağlayıcının a&ccedil;ık adresi, telefon numarası ve benzeri iletişim bilgileri ile varsa satıcı veya sağlayıcının adına ya da hesabına hareket edenin kimliği ve adresi,</p>\r\n\r\n<p>&ccedil;) Satıcı veya sağlayıcının t&uuml;keticinin&nbsp;şikayetlerini&nbsp;iletmesi i&ccedil;in (c) bendinde belirtilenden farklı iletişim bilgileri var ise, bunlara ilişkin bilgi,</p>\r\n\r\n<p>d) Mal veya hizmetin t&uuml;m vergiler&nbsp;dahil&nbsp;toplam fiyatı, niteliği itibariyle &ouml;nceden hesaplanamıyorsa fiyatın hesaplanma usul&uuml;, varsa t&uuml;m nakliye, teslim ve benzeri ek masraflar ile bunların &ouml;nceden hesaplanamaması halinde ek masrafların &ouml;denebileceği bilgisi,</p>\r\n\r\n<p>e) S&ouml;zleşmenin kurulması aşamasında uzaktan iletişim aracının kullanım bedelinin olağan &uuml;cret tarifesi &uuml;zerinden hesaplanamadığı durumlarda, t&uuml;keticilere y&uuml;klenen ilave maliyet,</p>\r\n\r\n<p>f) &Ouml;deme, teslimat, ifaya ilişkin bilgiler ile varsa bunlara ilişkin taahh&uuml;tler ve satıcı veya sağlayıcının&nbsp;şikayetlere&nbsp;ilişkin &ccedil;&ouml;z&uuml;m y&ouml;ntemleri,</p>\r\n\r\n<p>g) Cayma hakkının olduğu durumlarda, bu hakkın kullanılma şartları, s&uuml;resi, usul&uuml; ve satıcının iade i&ccedil;in &ouml;ng&ouml;rd&uuml;ğ&uuml; taşıyıcıya ilişkin bilgiler,</p>\r\n\r\n<p>ğ) Cayma bildiriminin yapılacağı a&ccedil;ık adres, faks numarası veya elektronik posta bilgileri,</p>\r\n\r\n<p>h) 15 inci madde uyarınca cayma hakkının kullanılamadığı durumlarda, t&uuml;keticinin cayma hakkından faydalanamayacağına ya da hangi koşullarda cayma hakkını kaybedeceğine ilişkin bilgi,</p>\r\n\r\n<p>ı) Satıcı veya sağlayıcının talebi &uuml;zerine, varsa t&uuml;ketici tarafından &ouml;denmesi veya sağlanması gereken depozitolar ya da diğer mali teminatlar ve bunlara ilişkin şartlar,</p>\r\n\r\n<p>i) Varsa dijital i&ccedil;eriklerin işlevselliğini etkileyebilecek teknik koruma &ouml;nlemleri,</p>\r\n\r\n<p>j) Satıcı veya sağlayıcının bildiği ya da makul olarak bilmesinin beklendiği, dijital i&ccedil;eriğin hangi donanım ya da yazılımla birlikte &ccedil;alışabileceğine ilişkin bilgi,</p>\r\n\r\n<p>k) T&uuml;keticilerin uyuşmazlık konusundaki başvurularını T&uuml;ketici Mahkemesine veya T&uuml;ketici Hakem Heyetine yapabileceklerine dair bilgi.</p>\r\n\r\n<p>(2) Birinci fıkrada belirtilen bilgiler, mesafeli s&ouml;zleşmenin ayrılmaz bir par&ccedil;asıdır ve taraflar aksini a&ccedil;ık&ccedil;a kararlaştırmadık&ccedil;a bu bilgiler değiştirilemez.</p>\r\n\r\n<p>(3) Satıcı veya sağlayıcı, birinci fıkranın (d) bendinde yer alan ek masraflara ilişkin bilgilendirme y&uuml;k&uuml;ml&uuml;l&uuml;ğ&uuml;n&uuml; yerine getirmezse, t&uuml;ketici bunları karşılamakla y&uuml;k&uuml;ml&uuml; değildir.</p>\r\n\r\n<p>(4) Birinci fıkranın (d) bendinde yer alan toplam fiyatın, belirsiz s&uuml;reli s&ouml;zleşmelerde veya belirli s&uuml;reli abonelik s&ouml;zleşmelerinde, her faturalama d&ouml;nemi bazında toplam masrafları i&ccedil;ermesi zorunludur.</p>\r\n\r\n<p>(5) A&ccedil;ık artırma veya eksiltme yoluyla kurulan s&ouml;zleşmelerde, birinci fıkranın (b), (c) ve (&ccedil;) bentlerinde yer alan bilgilerin yerine a&ccedil;ık artırmayı yapan ile ilgili bilgilere yer verilebilir.</p>\r\n\r\n<p>(6) &Ouml;n bilgilendirme yapıldığına ilişkin ispat y&uuml;k&uuml; satıcı veya sağlayıcıya aittir.</p>\r\n\r\n<p>&Ouml;n bilgilendirme y&ouml;ntemi</p>\r\n\r\n<p>MADDE 6 &ndash;&nbsp;(1) T&uuml;ketici, 5 inci maddenin birinci fıkrasında belirtilen t&uuml;m hususlarda, kullanılan uzaktan iletişim aracına uygun olarak en az on iki punto b&uuml;y&uuml;kl&uuml;ğ&uuml;nde, anlaşılabilir bir dilde, a&ccedil;ık, sade ve okunabilir bir şekilde satıcı veya sağlayıcı tarafından yazılı olarak veya kalıcı veri saklayıcısı ile bilgilendirilmek zorundadır.</p>\r\n\r\n<p>(2) Mesafeli s&ouml;zleşmenin internet yoluyla kurulması halinde, satıcı veya sağlayıcı;</p>\r\n\r\n<p>a) 5 inci maddenin birinci fıkrasında yer alan bilgilendirme y&uuml;k&uuml;ml&uuml;l&uuml;ğ&uuml; saklı kalmak kaydıyla, aynı fıkranın (a), (d), (g) ve (h) bentlerinde yer alan bilgileri bir b&uuml;t&uuml;n olarak, t&uuml;keticinin &ouml;deme y&uuml;k&uuml;ml&uuml;l&uuml;ğ&uuml; altına girmesinden hemen &ouml;nce a&ccedil;ık bir şekilde ayrıca g&ouml;stermek,</p>\r\n\r\n<p>b) Herhangi bir g&ouml;nderim kısıtlamasının uygulanıp uygulanmadığını ve hangi &ouml;deme ara&ccedil;larının kabul edildiğini, en ge&ccedil; t&uuml;ketici siparişini vermeden &ouml;nce, a&ccedil;ık ve anlaşılabilir bir şekilde belirtmek</p>\r\n\r\n<p>zorundadır.</p>\r\n\r\n<p>(3) Mesafeli s&ouml;zleşmenin sesli iletişim yoluyla kurulması halinde, satıcı veya sağlayıcı 5 inci maddenin birinci fıkrasının (a), (d), (g) ve (h) bentlerinde yer alan hususlarda, t&uuml;keticiyi sipariş vermeden hemen &ouml;nce a&ccedil;ık ve anlaşılır bir şekilde s&ouml;z konusu ortamda bilgilendirmek ve 5 inci maddenin birinci fıkrasında yer alan bilgilerin tamamını en ge&ccedil; mal teslimine veya hizmet ifasına kadar yazılı olarak g&ouml;ndermek zorundadır.</p>\r\n\r\n<p>(4) Siparişe ilişkin bilgilerin sınırlı alanda ya da zamanda sunulduğu bir ortam yoluyla mesafeli s&ouml;zleşmenin kurulması halinde, satıcı veya sağlayıcı 5 inci maddenin birinci fıkrasının (a), (b), (d), (g) ve (h) bentlerinde yer alan hususlarda, t&uuml;keticiyi sipariş vermeden hemen &ouml;nce a&ccedil;ık ve anlaşılabilir bir şekilde s&ouml;z konusu ortamda bilgilendirmek ve 5 inci maddenin birinci fıkrasında yer alan bilgilerin tamamını en ge&ccedil; mal teslimine veya hizmet ifasına kadar yazılı olarak g&ouml;ndermek zorundadır.</p>\r\n\r\n<p>(5) &Uuml;&ccedil;&uuml;nc&uuml; ve d&ouml;rd&uuml;nc&uuml; fıkralarda belirtilen y&ouml;ntemlerle kurulan ve anında ifa edilen hizmet satışlarına ilişkin s&ouml;zleşmelerde t&uuml;keticinin, sipariş vermeden hemen &ouml;nce s&ouml;z konusu ortamda 5 inci maddenin birinci fıkrasının sadece (a), (b), (d) ve (h) bentlerinde yer alan hususlarda a&ccedil;ık ve anlaşılır bir şekilde bilgilendirilmesi yeterlidir.</p>\r\n\r\n<p>&Ouml;n bilgilerin teyidi</p>\r\n\r\n<p>MADDE 7 &ndash;&nbsp;(1) Satıcı veya sağlayıcı, t&uuml;keticinin 6&nbsp;ncı&nbsp;maddede belirtilen y&ouml;ntemlerle &ouml;n bilgileri edindiğini kullanılan uzaktan iletişim aracına uygun olarak teyit etmesini sağlamak zorundadır. Aksi halde s&ouml;zleşme kurulmamış sayılır.</p>\r\n\r\n<p>&Ouml;n bilgilendirmeye ilişkin diğer y&uuml;k&uuml;ml&uuml;l&uuml;kler</p>\r\n\r\n<p>MADDE 8 &ndash;&nbsp;(1) Satıcı veya sağlayıcı, t&uuml;ketici siparişi onaylamadan hemen &ouml;nce, verilen siparişin &ouml;deme y&uuml;k&uuml;ml&uuml;l&uuml;ğ&uuml; anlamına geldiği hususunda t&uuml;keticiyi a&ccedil;ık ve anlaşılır bir şekilde bilgilendirmek zorundadır. Aksi halde t&uuml;ketici siparişi ile bağlı değildir.</p>\r\n\r\n<p>(2) T&uuml;keticinin mesafeli s&ouml;zleşme kurulması amacıyla satıcı veya sağlayıcı tarafından telefonla aranması durumunda, her g&ouml;r&uuml;şmenin başında satıcı veya sağlayıcı kimliğini, eğer bir başkası adına veya hesabına arıyorsa bu kişinin kimliğini ve g&ouml;r&uuml;şmenin ticari amacını a&ccedil;ıklamalıdır.</p>\r\n\r\n<p>&Uuml;&Ccedil;&Uuml;NC&Uuml; B&Ouml;L&Uuml;M</p>\r\n\r\n<p>Cayma Hakkının Kullanımı ve Tarafların Y&uuml;k&uuml;ml&uuml;l&uuml;kleri</p>\r\n\r\n<p>Cayma hakkı</p>\r\n\r\n<p>MADDE 9 &ndash;&nbsp;(1) T&uuml;ketici, on d&ouml;rt g&uuml;n i&ccedil;inde herhangi bir gerek&ccedil;e g&ouml;stermeksizin ve cezai şart &ouml;demeksizin s&ouml;zleşmeden cayma hakkına sahiptir.</p>\r\n\r\n<p>(2) Cayma hakkı s&uuml;resi, hizmet ifasına ilişkin s&ouml;zleşmelerde s&ouml;zleşmenin kurulduğu g&uuml;n; mal teslimine ilişkin s&ouml;zleşmelerde ise t&uuml;keticinin veya t&uuml;ketici tarafından belirlenen &uuml;&ccedil;&uuml;nc&uuml; kişinin malı teslim aldığı g&uuml;n başlar. Ancak t&uuml;ketici, s&ouml;zleşmenin kurulmasından malın teslimine kadar olan s&uuml;re i&ccedil;inde de cayma hakkını kullanabilir.</p>\r\n\r\n<p>(3) Cayma hakkı s&uuml;resinin belirlenmesinde;</p>\r\n\r\n<p>a) Tek sipariş konusu olup ayrı&nbsp;ayrı&nbsp;teslim edilen mallarda, t&uuml;keticinin veya t&uuml;ketici tarafından belirlenen &uuml;&ccedil;&uuml;nc&uuml; kişinin son malı teslim aldığı g&uuml;n,</p>\r\n\r\n<p>b) Birden fazla par&ccedil;adan oluşan mallarda, t&uuml;keticinin veya t&uuml;ketici tarafından belirlenen &uuml;&ccedil;&uuml;nc&uuml; kişinin son par&ccedil;ayı teslim aldığı g&uuml;n,</p>\r\n\r\n<p>c) Belirli bir s&uuml;re boyunca malın d&uuml;zenli tesliminin yapıldığı s&ouml;zleşmelerde, t&uuml;keticinin veya t&uuml;ketici tarafından belirlenen &uuml;&ccedil;&uuml;nc&uuml; kişinin ilk malı teslim aldığı g&uuml;n</p>\r\n\r\n<p>esas&nbsp;alınır.</p>\r\n\r\n<p>(4) Malın satıcı tarafından taşıyıcıya teslimi, t&uuml;keticiye yapılan teslim olarak kabul edilmez.</p>\r\n\r\n<p>(5) Mal teslimi ile hizmet ifasının birlikte yapıldığı s&ouml;zleşmelerde, mal teslimine ilişkin cayma hakkı h&uuml;k&uuml;mleri uygulanır.</p>\r\n\r\n<p>Eksik bilgilendirme</p>\r\n\r\n<p>MADDE 10 &ndash;&nbsp;(1) Satıcı veya sağlayıcı, cayma hakkı konusunda t&uuml;keticinin bilgilendirildiğini ispat etmekle y&uuml;k&uuml;ml&uuml;d&uuml;r. T&uuml;ketici, cayma hakkı konusunda gerektiği şekilde bilgilendirilmezse, cayma hakkını kullanmak i&ccedil;in on d&ouml;rt g&uuml;nl&uuml;k s&uuml;reyle bağlı değildir. Bu s&uuml;re her hal&uuml;karda cayma s&uuml;resinin bittiği tarihten itibaren bir yıl sonra sona erer.</p>\r\n\r\n<p>(2) Cayma hakkı konusunda gerektiği şekilde bilgilendirmenin bir yıllık s&uuml;re i&ccedil;inde yapılması halinde, on d&ouml;rt g&uuml;nl&uuml;k cayma hakkı s&uuml;resi, bu bilgilendirmenin gereği gibi yapıldığı g&uuml;nden itibaren işlemeye başlar.</p>\r\n\r\n<p>Cayma hakkının kullanımı</p>\r\n\r\n<p>MADDE 11 &ndash;&nbsp;(1) Cayma hakkının kullanıldığına dair bildirimin cayma hakkı s&uuml;resi dolmadan, yazılı olarak veya kalıcı veri saklayıcısı ile satıcı veya sağlayıcıya y&ouml;neltilmesi yeterlidir.</p>\r\n\r\n<p>(2) Cayma hakkının kullanılmasında t&uuml;ketici,&nbsp;EK&rsquo;te&nbsp;yer alan formu kullanabileceği gibi cayma kararını bildiren a&ccedil;ık bir beyanda da bulunabilir. Satıcı veya sağlayıcı, t&uuml;keticinin bu formu doldurabilmesi veya cayma beyanını g&ouml;nderebilmesi i&ccedil;in internet sitesi &uuml;zerinden se&ccedil;enek de sunabilir.&nbsp;&nbsp;İnternet sitesi &uuml;zerinden t&uuml;keticilere cayma hakkı sunulması durumunda satıcı veya sağlayıcı, t&uuml;keticilerin iletmiş olduğu cayma taleplerinin kendilerine ulaştığına ilişkin teyit bilgisini t&uuml;keticiye derhal iletmek zorundadır.</p>\r\n\r\n<p>(3) Sesli iletişim yoluyla yapılan satışlarda, satıcı veya sağlayıcı,&nbsp;EK&rsquo;te&nbsp;yer alan formu en ge&ccedil; mal teslimine veya hizmet ifasına kadar t&uuml;keticiye g&ouml;ndermek zorundadır. T&uuml;ketici bu t&uuml;r satışlarda da cayma hakkını kullanmak i&ccedil;in bu formu kullanabileceği gibi, ikinci fıkradaki y&ouml;ntemleri de kullanabilir.</p>\r\n\r\n<p>(4) Bu maddede ge&ccedil;en cayma hakkının kullanımına ilişkin ispat y&uuml;k&uuml;ml&uuml;l&uuml;ğ&uuml; t&uuml;keticiye aittir.</p>\r\n\r\n<p>Satıcı veya sağlayıcının y&uuml;k&uuml;ml&uuml;l&uuml;kleri</p>\r\n\r\n<p>MADDE 12 &ndash;&nbsp;(1) Satıcı veya sağlayıcı, t&uuml;keticinin cayma hakkını kullandığına ilişkin bildirimin kendisine ulaştığı tarihten itibaren on d&ouml;rt g&uuml;n i&ccedil;inde, varsa malın t&uuml;keticiye teslim masrafları da&nbsp;dahil&nbsp;olmak &uuml;zere tahsil edilen t&uuml;m &ouml;demeleri iade etmekle y&uuml;k&uuml;ml&uuml;d&uuml;r.</p>\r\n\r\n<p>(2) Satıcı veya sağlayıcı, birinci fıkrada belirtilen t&uuml;m geri &ouml;demeleri, t&uuml;keticinin satın alırken kullandığı &ouml;deme aracına uygun bir şekilde ve t&uuml;keticiye herhangi bir masraf veya y&uuml;k&uuml;ml&uuml;l&uuml;k getirmeden tek seferde yapmak zorundadır.</p>\r\n\r\n<p>(3) Cayma hakkının kullanımında, 5 inci maddenin birinci fıkrasının (g) bendi kapsamında, satıcının iade i&ccedil;in belirttiği taşıyıcı aracılığıyla malın geri g&ouml;nderilmesi halinde, t&uuml;ketici iadeye ilişkin masraflardan sorumlu tutulamaz. Satıcının &ouml;n bilgilendirmede iade i&ccedil;in herhangi bir taşıyıcıyı belirtmediği durumda ise, t&uuml;keticiden iade masrafına ilişkin herhangi bir bedel talep edilemez. İade i&ccedil;in &ouml;n bilgilendirmede belirtilen taşıyıcının, t&uuml;keticinin bulunduğu yerde şubesinin olmaması durumunda satıcı, ilave hi&ccedil;bir masraf talep etmeksizin iade edilmek istenen malın t&uuml;keticiden alınmasını sağlamakla y&uuml;k&uuml;ml&uuml;d&uuml;r.</p>\r\n\r\n<p>T&uuml;keticinin y&uuml;k&uuml;ml&uuml;l&uuml;kleri</p>\r\n\r\n<p>MADDE 13 &ndash;&nbsp;(1) Satıcı veya sağlayıcı malı kendisinin geri alacağına dair bir teklifte bulunmadık&ccedil;a, t&uuml;ketici cayma hakkını kullandığına ilişkin bildirimi y&ouml;nelttiği tarihten itibaren on g&uuml;n i&ccedil;inde malı satıcı veya sağlayıcıya ya da yetkilendirmiş olduğu kişiye geri g&ouml;ndermek zorundadır.</p>\r\n\r\n<p>(2) T&uuml;ketici, cayma s&uuml;resi i&ccedil;inde malı, işleyişine, teknik &ouml;zelliklerine ve kullanım talimatlarına uygun bir şekilde kullandığı takdirde meydana gelen değişiklik ve bozulmalardan sorumlu değildir.</p>\r\n\r\n<p>Cayma hakkının kullanımının yan s&ouml;zleşmelere etkisi</p>\r\n\r\n<p>MADDE 14 &ndash;&nbsp;(1) Kanunun 30 uncu maddesi h&uuml;k&uuml;mleri saklı kalmak koşuluyla, t&uuml;keticinin cayma hakkını kullanması durumunda yan s&ouml;zleşmeler de kendiliğinden sona erer. Bu durumda t&uuml;ketici, 13 &uuml;nc&uuml; maddenin ikinci fıkrasında belirtilen haller dışında herhangi bir masraf, tazminat veya cezai şart &ouml;demekle y&uuml;k&uuml;ml&uuml; değildir.</p>\r\n\r\n<p>(2) Satıcı veya sağlayıcı, t&uuml;keticinin cayma hakkını kullandığını yan s&ouml;zleşmenin tarafı olan &uuml;&ccedil;&uuml;nc&uuml; kişiye derhal bildirmelidir.</p>\r\n\r\n<p>Cayma hakkının istisnaları</p>\r\n\r\n<p>MADDE 15 &ndash;&nbsp;(1) Taraflarca aksi kararlaştırılmadık&ccedil;a, t&uuml;ketici aşağıdaki s&ouml;zleşmelerde cayma hakkını kullanamaz:</p>\r\n\r\n<p>a) Fiyatı finansal piyasalardaki dalgalanmalara bağlı olarak değişen ve satıcı veya sağlayıcının kontrol&uuml;nde olmayan mal veya hizmetlere ilişkin s&ouml;zleşmeler.</p>\r\n\r\n<p>b) T&uuml;keticinin istekleri veya kişisel ihtiya&ccedil;ları doğrultusunda hazırlanan mallara ilişkin s&ouml;zleşmeler.</p>\r\n\r\n<p>c) &Ccedil;abuk bozulabilen veya son kullanma tarihi ge&ccedil;ebilecek malların teslimine ilişkin s&ouml;zleşmeler.</p>\r\n\r\n<p>&ccedil;) Tesliminden sonra ambalaj, bant, m&uuml;h&uuml;r, paket gibi koruyucu unsurları a&ccedil;ılmış olan mallardan; iadesi sağlık ve&nbsp;hijyen&nbsp;a&ccedil;ısından uygun olmayanların teslimine ilişkin s&ouml;zleşmeler.</p>\r\n\r\n<p>d) Tesliminden sonra başka &uuml;r&uuml;nlerle karışan ve doğası gereği ayrıştırılması m&uuml;mk&uuml;n olmayan mallara ilişkin s&ouml;zleşmeler.</p>\r\n\r\n<p>e) Malın tesliminden sonra ambalaj, bant, m&uuml;h&uuml;r, paket gibi koruyucu unsurları a&ccedil;ılmış olması halinde maddi ortamda sunulan kitap, dijital i&ccedil;erik ve bilgisayar sarf malzemelerine ilişkin s&ouml;zleşmeler.</p>\r\n\r\n<p>f) Abonelik s&ouml;zleşmesi kapsamında sağlananlar dışında, gazete ve dergi gibi s&uuml;reli yayınların teslimine ilişkin s&ouml;zleşmeler.</p>\r\n\r\n<p>g) Belirli bir tarihte veya d&ouml;nemde yapılması gereken, konaklama, eşya taşıma, araba kiralama, yiyecek-i&ccedil;ecek tedariki ve eğlence veya dinlenme amacıyla yapılan boş zamanın değerlendirilmesine ilişkin s&ouml;zleşmeler.</p>\r\n\r\n<p>ğ) Elektronik ortamda anında ifa edilen hizmetler veya t&uuml;keticiye anında teslim edilen&nbsp;gayrimaddi&nbsp;mallara ilişkin s&ouml;zleşmeler.</p>\r\n\r\n<p>h) Cayma hakkı s&uuml;resi sona ermeden &ouml;nce, t&uuml;keticinin onayı ile ifasına başlanan hizmetlere ilişkin s&ouml;zleşmeler.</p>\r\n\r\n<p>D&Ouml;RD&Uuml;NC&Uuml; B&Ouml;L&Uuml;M</p>\r\n\r\n<p>Diğer H&uuml;k&uuml;mler</p>\r\n\r\n<p>S&ouml;zleşmenin ifası ve teslimat</p>\r\n\r\n<p>MADDE 16 &ndash;&nbsp;(1) Satıcı veya sağlayıcı, t&uuml;keticinin siparişinin kendisine ulaştığı tarihten itibaren taahh&uuml;t ettiği s&uuml;re i&ccedil;inde edimini yerine getirmek zorundadır. Mal satışlarında bu s&uuml;re her hal&uuml;karda otuz g&uuml;n&uuml; ge&ccedil;emez.</p>\r\n\r\n<p>(2) Satıcı veya sağlayıcının birinci fıkrada yer alan y&uuml;k&uuml;ml&uuml;l&uuml;ğ&uuml;n&uuml; yerine getirmemesi durumunda, t&uuml;ketici s&ouml;zleşmeyi feshedebilir.</p>\r\n\r\n<p>(3) S&ouml;zleşmenin feshi durumunda, satıcı veya sağlayıcı, varsa teslimat masrafları da d&acirc;hil olmak &uuml;zere tahsil edilen t&uuml;m &ouml;demeleri fesih bildiriminin kendisine ulaştığı tarihten itibaren on d&ouml;rt g&uuml;n i&ccedil;inde t&uuml;keticiye&nbsp;4/12/1984&nbsp;tarihli ve 3095 sayılı Kanuni Faiz ve Temerr&uuml;t Faizine İlişkin Kanunun 1 inci maddesine g&ouml;re belirlenen kanuni faiziyle birlikte geri &ouml;demek ve varsa t&uuml;keticiyi bor&ccedil; altına sokan t&uuml;m kıymetli evrak ve benzeri belgeleri iade etmek zorundadır.</p>\r\n\r\n<p>(4) Sipariş konusu mal ya da hizmet ediminin yerine getirilmesinin&nbsp;imkansızlaştığı&nbsp;hallerde satıcı veya sağlayıcının bu durumu &ouml;ğrendiği tarihten itibaren &uuml;&ccedil; g&uuml;n i&ccedil;inde t&uuml;keticiye yazılı olarak veya kalıcı veri saklayıcısı ile bildirmesi ve varsa teslimat masrafları da d&acirc;hil olmak &uuml;zere tahsil edilen t&uuml;m &ouml;demeleri bildirim tarihinden itibaren en ge&ccedil; on d&ouml;rt g&uuml;n i&ccedil;inde iade etmesi zorunludur. Malın stokta bulunmaması durumu, mal ediminin yerine getirilmesinin imk&acirc;nsızlaşması olarak kabul edilmez.</p>\r\n\r\n<p>Zarardan sorumluluk</p>\r\n\r\n<p>MADDE 17 &ndash;&nbsp;(1) Satıcı, malın t&uuml;ketici ya da t&uuml;keticinin taşıyıcı dışında belirleyeceği &uuml;&ccedil;&uuml;nc&uuml; bir kişiye teslimine kadar oluşan kayıp ve hasarlardan sorumludur.</p>\r\n\r\n<p>(2) T&uuml;keticinin, satıcının belirlediği taşıyıcı dışında başka bir taşıyıcı ile malın g&ouml;nderilmesini talep etmesi durumunda, malın ilgili taşıyıcıya tesliminden itibaren oluşabilecek kayıp ya da hasardan satıcı sorumlu değildir.</p>\r\n\r\n<p>Telefon kullanım &uuml;creti</p>\r\n\r\n<p>MADDE 18 &ndash;&nbsp;(1) Kurulmuş olan s&ouml;zleşmeye ilişkin olarak t&uuml;keticilerin iletişime ge&ccedil;ebilmesi i&ccedil;in satıcı veya sağlayıcı tarafından bir telefon hattı tahsis edilmesi durumunda, bu hat ile ilgili olarak satıcı veya sağlayıcı olağan &uuml;cret tarifesinden daha y&uuml;ksek bir tarife se&ccedil;emez.</p>\r\n\r\n<p>İlave &ouml;demeler</p>\r\n\r\n<p>MADDE 19 &ndash;&nbsp;(1) S&ouml;zleşme kurulmadan &ouml;nce, s&ouml;zleşme y&uuml;k&uuml;ml&uuml;l&uuml;ğ&uuml;nden kaynaklanan ve &uuml;zerinde anlaşılmış esas bedel dışında herhangi bir ilave bedel talep edilebilmesi i&ccedil;in t&uuml;keticinin a&ccedil;ık onayının ayrıca alınması zorunludur.</p>\r\n\r\n<p>(2) T&uuml;keticinin a&ccedil;ık onayı alınmadan ilave &ouml;deme y&uuml;k&uuml;ml&uuml;l&uuml;ğ&uuml; doğuran se&ccedil;eneklerin kendiliğinden se&ccedil;ili olarak sunulmuş olmasından dolayı t&uuml;ketici bir &ouml;demede bulunmuş ise, satıcı veya sağlayıcı bu &ouml;demelerin iadesini derhal yapmak zorundadır.</p>\r\n\r\n<p>Bilgilerin saklanması ve ispat y&uuml;k&uuml;ml&uuml;l&uuml;ğ&uuml;</p>\r\n\r\n<p>MADDE 20 &minus;&nbsp;(1) Satıcı veya sağlayıcı, bu Y&ouml;netmelik kapsamında d&uuml;zenlenen cayma hakkı, bilgilendirme, teslimat ve diğer hususlardaki y&uuml;k&uuml;ml&uuml;l&uuml;klerine dair her bir işleme ilişkin bilgi ve belgeyi &uuml;&ccedil; yıl boyunca saklamak zorundadır.</p>\r\n\r\n<p>(2) Oluşturdukları sistem &ccedil;er&ccedil;evesinde, uzaktan iletişim ara&ccedil;larını kullanmak veya kullandırmak suretiyle satıcı veya sağlayıcı adına mesafeli s&ouml;zleşme kurulmasına aracılık edenler, bu Y&ouml;netmelikte yer alan hususlardan dolayı satıcı veya sağlayıcı ile yapılan işlemlere ilişkin kayıtları &uuml;&ccedil; yıl boyunca tutmak ve istenilmesi halinde bu bilgileri ilgili kurum, kuruluş ve t&uuml;keticilere vermekle y&uuml;k&uuml;ml&uuml;d&uuml;r.</p>\r\n\r\n<p>(3) Satıcı veya sağlayıcı elektronik ortamda t&uuml;keticiye teslim edilen&nbsp;gayrimaddi&nbsp;malların veya ifa edilen hizmetlerin ayıpsız olduğunu ispatla y&uuml;k&uuml;ml&uuml;d&uuml;r.</p>\r\n\r\n<p>BEŞİNCİ B&Ouml;L&Uuml;M</p>\r\n\r\n<p>&Ccedil;eşitli ve Son H&uuml;k&uuml;mler</p>\r\n\r\n<p>Y&uuml;r&uuml;rl&uuml;kten kaldırılan y&ouml;netmelik</p>\r\n\r\n<p>MADDE 21 &ndash;&nbsp;(1)&nbsp;6/3/2011&nbsp;tarihli ve 27866 sayılı Resm&icirc; Gazete&rsquo;de yayımlanan Mesafeli S&ouml;zleşmelere Dair Y&ouml;netmelik y&uuml;r&uuml;rl&uuml;kten kaldırılmıştır.</p>\r\n\r\n<p>Y&uuml;r&uuml;rl&uuml;k</p>\r\n\r\n<p>MADDE 22 &ndash;&nbsp;(1) Bu Y&ouml;netmelik yayımı tarihinden itibaren &uuml;&ccedil; ay sonra y&uuml;r&uuml;rl&uuml;ğe girer.</p>\r\n\r\n<p>Y&uuml;r&uuml;tme</p>\r\n\r\n<p>MADDE 23 &ndash;&nbsp;(1) Bu Y&ouml;netmelik h&uuml;k&uuml;mlerini G&uuml;mr&uuml;k ve Ticaret Bakanı y&uuml;r&uuml;t&uuml;r.</p>\r\n\r\n<p>EK</p>\r\n\r\n<p>&Ouml;RNEK CAYMA FORMU</p>\r\n\r\n<p>(Bu form, sadece s&ouml;zleşmeden cayma hakkı kullanılmak istenildiğinde doldurup</p>\r\n\r\n<p>g&ouml;nderilecektir.)</p>\r\n\r\n<p>-Kime:&nbsp;(Satıcı veya sağlayıcı tarafından doldurulacak olan bu kısımda satıcı veya sağlayıcının ismi, unvanı, adresi varsa faks numarası ve e-posta adresi yer alacaktır.)</p>\r\n\r\n<p>-Bu formla aşağıdaki malların satışına veya hizmetlerin sunulmasına ilişkin s&ouml;zleşmeden cayma hakkımı kullandığımı beyan ederim.</p>\r\n\r\n<p>-Sipariş tarihi veya teslim tarihi:</p>\r\n\r\n<p>-Cayma hakkına konu mal veya hizmet:</p>\r\n\r\n<p>-Cayma hakkına konu mal veya hizmetin bedeli:</p>\r\n\r\n<p>-T&uuml;keticinin adı ve soyadı:</p>\r\n\r\n<p>-T&uuml;keticinin adresi:</p>\r\n\r\n<p>-T&uuml;keticinin imzası:&nbsp;(Sadece&nbsp;kağıt&nbsp;&uuml;zerinde g&ouml;nderilmesi halinde)</p>\r\n\r\n<p>-Tarih:</p>\r\n', '', 5, '1', 'mesafeli-satis-sozlesmezi');

-- --------------------------------------------------------

--
-- Tablo için tablo yapısı `sepet`
--

CREATE TABLE `sepet` (
  `sepet_id` int(11) NOT NULL,
  `kullanici_id` int(11) NOT NULL,
  `urun_id` int(11) NOT NULL,
  `urun_adet` int(11) NOT NULL
) ENGINE=InnoDB DEFAULT CHARSET=utf8 COLLATE=utf8_turkish_ci;

-- --------------------------------------------------------

--
-- Tablo için tablo yapısı `siparis`
--

CREATE TABLE `siparis` (
  `siparis_id` int(11) NOT NULL,
  `siparis_zaman` timestamp NOT NULL DEFAULT current_timestamp(),
  `siparis_no` int(11) NOT NULL,
  `kullanici_id` int(11) NOT NULL,
  `siparis_toplam` float(9,2) NOT NULL,
  `siparis_tip` varchar(255) COLLATE utf8_turkish_ci NOT NULL,
  `siparis_banka` varchar(255) COLLATE utf8_turkish_ci NOT NULL,
  `siparis_odeme` enum('0','1') COLLATE utf8_turkish_ci NOT NULL DEFAULT '0'
) ENGINE=InnoDB DEFAULT CHARSET=utf8 COLLATE=utf8_turkish_ci;

--
-- Tablo döküm verisi `siparis`
--

INSERT INTO `siparis` (`siparis_id`, `siparis_zaman`, `siparis_no`, `kullanici_id`, `siparis_toplam`, `siparis_tip`, `siparis_banka`, `siparis_odeme`) VALUES
(3, '2023-01-03 21:52:16', 0, 1, 18.00, 'Banka Havalesi', 'Ziraat Bankası', '0'),
(4, '2023-01-04 00:48:01', 0, 1, 12.00, 'Banka Havalesi', 'Ziraat Bankası', '0');

-- --------------------------------------------------------

--
-- Tablo için tablo yapısı `siparis_detay`
--

CREATE TABLE `siparis_detay` (
  `siparisdetay_id` int(11) NOT NULL,
  `siparis_id` int(11) NOT NULL,
  `urun_id` int(11) NOT NULL,
  `urun_fiyat` float(9,2) NOT NULL,
  `urun_adet` int(11) NOT NULL
) ENGINE=InnoDB DEFAULT CHARSET=utf8 COLLATE=utf8_turkish_ci;

--
-- Tablo döküm verisi `siparis_detay`
--

INSERT INTO `siparis_detay` (`siparisdetay_id`, `siparis_id`, `urun_id`, `urun_fiyat`, `urun_adet`) VALUES
(1, 3, 2, 6.00, 1),
(2, 3, 2, 6.00, 1),
(3, 3, 2, 6.00, 1),
(4, 4, 2, 6.00, 2);

-- --------------------------------------------------------

--
-- Tablo için tablo yapısı `slider`
--

CREATE TABLE `slider` (
  `slider_id` int(11) NOT NULL,
  `slider_ad` varchar(100) COLLATE utf8_turkish_ci NOT NULL,
  `slider_resimyol` varchar(250) COLLATE utf8_turkish_ci NOT NULL,
  `slider_sira` int(2) NOT NULL,
  `slider_link` varchar(250) COLLATE utf8_turkish_ci NOT NULL,
  `slider_durum` enum('0','1') COLLATE utf8_turkish_ci NOT NULL DEFAULT '1'
) ENGINE=InnoDB DEFAULT CHARSET=utf8 COLLATE=utf8_turkish_ci;

--
-- Tablo döküm verisi `slider`
--

INSERT INTO `slider` (`slider_id`, `slider_ad`, `slider_resimyol`, `slider_sira`, `slider_link`, `slider_durum`) VALUES
(3, 'Slider  1', 'dimg/slider/22518221702196127757resim_2023-01-04_035654178.png', 1, '', '1'),
(5, 'Slider 3', 'dimg/slider/26399304212427722781resim_2023-01-04_035547931.png', 3, '', '1'),
(6, 'Slider 3', 'dimg/slider/31864278092994331354resim_2023-01-04_035618689.png', 3, '', '1');

-- --------------------------------------------------------

--
-- Tablo için tablo yapısı `urun`
--

CREATE TABLE `urun` (
  `urun_id` int(11) NOT NULL,
  `kategori_id` int(11) NOT NULL,
  `urun_zaman` timestamp NOT NULL DEFAULT current_timestamp(),
  `urun_ad` varchar(255) COLLATE utf8_turkish_ci NOT NULL,
  `urun_seourl` varchar(255) COLLATE utf8_turkish_ci NOT NULL,
  `urun_detay` text COLLATE utf8_turkish_ci NOT NULL,
  `urun_fiyat` float(9,2) NOT NULL,
  `urun_keyword` varchar(250) COLLATE utf8_turkish_ci NOT NULL,
  `urun_stok` int(11) NOT NULL,
  `urun_durum` enum('0','1') COLLATE utf8_turkish_ci NOT NULL DEFAULT '1',
  `urun_onecikar` enum('0','1') COLLATE utf8_turkish_ci NOT NULL DEFAULT '0'
) ENGINE=InnoDB DEFAULT CHARSET=utf8 COLLATE=utf8_turkish_ci;

--
-- Tablo döküm verisi `urun`
--

INSERT INTO `urun` (`urun_id`, `kategori_id`, `urun_zaman`, `urun_ad`, `urun_seourl`, `urun_detay`, `urun_fiyat`, `urun_keyword`, `urun_stok`, `urun_durum`, `urun_onecikar`) VALUES
(1, 1, '2023-01-01 14:22:30', 'Kabak', 'kabak', '<p>Anadolu&#39;da &ccedil;ok miktarda yetiştirilir.&nbsp;Sebze&nbsp;olarak yemeklerde kullanılır. Dış g&ouml;r&uuml;n&uuml;ş&uuml; 18&ndash;20 cm uzunlukta ve 8&ndash;12 mm genişliktedir. Beyaz ve sert kabuklu, oval bi&ccedil;imli tanelerdir. Sıcak ve&nbsp;ılıman&nbsp;iklimlerde&nbsp;yetişir.&nbsp;Sebze&nbsp;olarak t&uuml;ketilir. Ayrıca tatlısı ve&nbsp;turşusu&nbsp;yapılır.&nbsp;T&uuml;rkiye&#39;de yaygın olarak yetişir.</p>\r\n', 5.00, 'kabak', 400, '1', '1'),
(2, 2, '2023-01-01 14:31:21', 'Elma', 'elma', '<p>testtest</p>\r\n', 6.00, 'elma', 250, '1', '1'),
(3, 2, '2023-01-01 20:55:57', 'Muz', 'muz', '<p>test</p>\r\n', 4.00, 'muz', 200, '1', '1');

-- --------------------------------------------------------

--
-- Tablo için tablo yapısı `urunfoto`
--

CREATE TABLE `urunfoto` (
  `urunfoto_id` int(11) NOT NULL,
  `urun_id` int(11) NOT NULL,
  `urunfoto_resimyol` varchar(255) COLLATE utf8_turkish_ci NOT NULL,
  `urunfoto_sira` int(11) NOT NULL
) ENGINE=InnoDB DEFAULT CHARSET=utf8 COLLATE=utf8_turkish_ci;

--
-- Tablo döküm verisi `urunfoto`
--

INSERT INTO `urunfoto` (`urunfoto_id`, `urun_id`, `urunfoto_resimyol`, `urunfoto_sira`) VALUES
(3, 2, 'dimg/urun/28731237613021324965resim_2023-01-04_032752721.png', 0),
(4, 2, 'dimg/urun/22147273012905631617resim_2023-01-04_033726364.png', 0),
(6, 1, 'dimg/urun/24321268382688526572resim_2023-01-04_034524338.png', 0),
(8, 3, 'dimg/urun/25162221442699621405resim_2023-01-04_034735730.png', 0);

-- --------------------------------------------------------

--
-- Tablo için tablo yapısı `yorumlar`
--

CREATE TABLE `yorumlar` (
  `yorum_id` int(11) NOT NULL,
  `kullanici_id` int(11) NOT NULL,
  `urun_id` int(11) NOT NULL,
  `yorum_detay` text COLLATE utf8_turkish_ci NOT NULL,
  `yorum_zaman` timestamp NOT NULL DEFAULT current_timestamp(),
  `yorum_onay` enum('0','1') COLLATE utf8_turkish_ci NOT NULL DEFAULT '0'
) ENGINE=InnoDB DEFAULT CHARSET=utf8 COLLATE=utf8_turkish_ci;

--
-- Tablo döküm verisi `yorumlar`
--

INSERT INTO `yorumlar` (`yorum_id`, `kullanici_id`, `urun_id`, `yorum_detay`, `yorum_zaman`, `yorum_onay`) VALUES
(1, 1, 2, 'Test', '2023-01-01 21:46:15', '1'),
(2, 1, 2, 'test', '2023-01-01 23:00:58', '0'),
(4, 1, 1, 'test', '2023-01-02 13:37:42', '1'),
(5, 1, 1, 'deneme', '2023-01-02 13:37:46', '1');

--
-- Dökümü yapılmış tablolar için indeksler
--

--
-- Tablo için indeksler `ayar`
--
ALTER TABLE `ayar`
  ADD PRIMARY KEY (`ayar_id`);

--
-- Tablo için indeksler `banka`
--
ALTER TABLE `banka`
  ADD PRIMARY KEY (`banka_id`);

--
-- Tablo için indeksler `hakkimizda`
--
ALTER TABLE `hakkimizda`
  ADD PRIMARY KEY (`hakkimizda_id`);

--
-- Tablo için indeksler `kategori`
--
ALTER TABLE `kategori`
  ADD PRIMARY KEY (`kategori_id`);

--
-- Tablo için indeksler `kullanici`
--
ALTER TABLE `kullanici`
  ADD PRIMARY KEY (`kullanici_id`);

--
-- Tablo için indeksler `menu`
--
ALTER TABLE `menu`
  ADD PRIMARY KEY (`menu_id`);

--
-- Tablo için indeksler `sepet`
--
ALTER TABLE `sepet`
  ADD PRIMARY KEY (`sepet_id`);

--
-- Tablo için indeksler `siparis`
--
ALTER TABLE `siparis`
  ADD PRIMARY KEY (`siparis_id`);

--
-- Tablo için indeksler `siparis_detay`
--
ALTER TABLE `siparis_detay`
  ADD PRIMARY KEY (`siparisdetay_id`);

--
-- Tablo için indeksler `slider`
--
ALTER TABLE `slider`
  ADD PRIMARY KEY (`slider_id`);

--
-- Tablo için indeksler `urun`
--
ALTER TABLE `urun`
  ADD PRIMARY KEY (`urun_id`);

--
-- Tablo için indeksler `urunfoto`
--
ALTER TABLE `urunfoto`
  ADD PRIMARY KEY (`urunfoto_id`);

--
-- Tablo için indeksler `yorumlar`
--
ALTER TABLE `yorumlar`
  ADD PRIMARY KEY (`yorum_id`);

--
-- Dökümü yapılmış tablolar için AUTO_INCREMENT değeri
--

--
-- Tablo için AUTO_INCREMENT değeri `banka`
--
ALTER TABLE `banka`
  MODIFY `banka_id` int(11) NOT NULL AUTO_INCREMENT, AUTO_INCREMENT=2;

--
-- Tablo için AUTO_INCREMENT değeri `kategori`
--
ALTER TABLE `kategori`
  MODIFY `kategori_id` int(11) NOT NULL AUTO_INCREMENT, AUTO_INCREMENT=4;

--
-- Tablo için AUTO_INCREMENT değeri `kullanici`
--
ALTER TABLE `kullanici`
  MODIFY `kullanici_id` int(11) NOT NULL AUTO_INCREMENT, AUTO_INCREMENT=5;

--
-- Tablo için AUTO_INCREMENT değeri `menu`
--
ALTER TABLE `menu`
  MODIFY `menu_id` int(11) NOT NULL AUTO_INCREMENT, AUTO_INCREMENT=21;

--
-- Tablo için AUTO_INCREMENT değeri `sepet`
--
ALTER TABLE `sepet`
  MODIFY `sepet_id` int(11) NOT NULL AUTO_INCREMENT, AUTO_INCREMENT=5;

--
-- Tablo için AUTO_INCREMENT değeri `siparis`
--
ALTER TABLE `siparis`
  MODIFY `siparis_id` int(11) NOT NULL AUTO_INCREMENT, AUTO_INCREMENT=5;

--
-- Tablo için AUTO_INCREMENT değeri `siparis_detay`
--
ALTER TABLE `siparis_detay`
  MODIFY `siparisdetay_id` int(11) NOT NULL AUTO_INCREMENT, AUTO_INCREMENT=5;

--
-- Tablo için AUTO_INCREMENT değeri `slider`
--
ALTER TABLE `slider`
  MODIFY `slider_id` int(11) NOT NULL AUTO_INCREMENT, AUTO_INCREMENT=7;

--
-- Tablo için AUTO_INCREMENT değeri `urun`
--
ALTER TABLE `urun`
  MODIFY `urun_id` int(11) NOT NULL AUTO_INCREMENT, AUTO_INCREMENT=4;

--
-- Tablo için AUTO_INCREMENT değeri `urunfoto`
--
ALTER TABLE `urunfoto`
  MODIFY `urunfoto_id` int(11) NOT NULL AUTO_INCREMENT, AUTO_INCREMENT=9;

--
-- Tablo için AUTO_INCREMENT değeri `yorumlar`
--
ALTER TABLE `yorumlar`
  MODIFY `yorum_id` int(11) NOT NULL AUTO_INCREMENT, AUTO_INCREMENT=6;
COMMIT;

/*!40101 SET CHARACTER_SET_CLIENT=@OLD_CHARACTER_SET_CLIENT */;
/*!40101 SET CHARACTER_SET_RESULTS=@OLD_CHARACTER_SET_RESULTS */;
/*!40101 SET COLLATION_CONNECTION=@OLD_COLLATION_CONNECTION */;
